Table,Promotion ID,Promotion Group,Promotion Description,Week Number,Calendar Year,Financial Year,Day,Date
Promotion,PR0001,PT0001,Afterpay Day: Everything on Sale + EXTRA 20% OFF,37,2024,2024,Tuesday,5/3/2024
Promotion,PR0001,PT0001,Afterpay Day: Everything on Sale + EXTRA 20% OFF,37,2024,2024,Wednesday,6/3/2024
Promotion,PR0001,PT0001,Afterpay Day: Everything on Sale + EXTRA 20% OFF,37,2024,2024,Thursday,7/3/2024
Promotion,PR0001,PT0001,Afterpay Day: Everything on Sale + EXTRA 20% OFF,37,2024,2024,Friday,8/3/2024
Promotion,PR0001,PT0001,Afterpay Day: Everything on Sale + EXTRA 20% OFF,37,2024,2024,Saturday,9/3/2024
Promotion,PR0001,PT0001,Afterpay Day: Everything on Sale + EXTRA 20% OFF,37,2024,2024,Sunday,10/3/2024
Promotion,PR0001,PT0001,Afterpay Day: Everything on Sale + EXTRA 20% OFF,38,2024,2024,Monday,11/3/2024
Promotion,PR0001,PT0001,Afterpay Day: Everything on Sale + EXTRA 20% OFF,38,2024,2024,Tuesday,12/3/2024
Promotion,PR0001,PT0001,Afterpay Day: Everything on Sale + EXTRA 20% OFF,38,2024,2024,Wednesday,13/3/2024
Promotion,PR0001,PT0001,Afterpay Day: Everything on Sale + EXTRA 20% OFF,38,2024,2024,Thursday,14/3/2024
Promotion,PR0001,PT0001,Afterpay Day: Everything on Sale + EXTRA 20% OFF,38,2024,2024,Friday,15/3/2024
Promotion,PR0001,PT0001,Afterpay Day: Everything on Sale + EXTRA 20% OFF,38,2024,2024,Saturday,16/3/2024
Promotion,PR0001,PT0001,Afterpay Day: Everything on Sale + EXTRA 20% OFF,38,2024,2024,Sunday,17/3/2024
Promotion,PR0001,PT0001,Afterpay Day: Everything on Sale + EXTRA 20% OFF,39,2024,2024,Monday,18/3/2024
Promotion,PR0001,PT0001,Afterpay Day: Everything on Sale + EXTRA 20% OFF, 6,2024,2025,Tuesday,6/8/2024
Promotion,PR0001,PT0001,Afterpay Day: Everything on Sale + EXTRA 20% OFF, 6,2024,2025,Wednesday,7/8/2024
Promotion,PR0001,PT0001,Afterpay Day: Everything on Sale + EXTRA 20% OFF, 6,2024,2025,Thursday,8/8/2024
Promotion,PR0001,PT0001,Afterpay Day: Everything on Sale + EXTRA 20% OFF, 6,2024,2025,Friday,9/8/2024
Promotion,PR0001,PT0001,Afterpay Day: Everything on Sale + EXTRA 20% OFF, 6,2024,2025,Saturday,10/8/2024
Promotion,PR0001,PT0001,Afterpay Day: Everything on Sale + EXTRA 20% OFF, 6,2024,2025,Sunday,11/8/2024
Promotion,PR0001,PT0001,Afterpay Day: Everything on Sale + EXTRA 20% OFF, 7,2024,2025,Monday,12/8/2024
Promotion,PR0001,PT0001,Afterpay Day: Everything on Sale + EXTRA 20% OFF, 7,2024,2025,Tuesday,13/8/2024
Promotion,PR0001,PT0001,Afterpay Day: Everything on Sale + EXTRA 20% OFF, 7,2024,2025,Wednesday,14/8/2024
Promotion,PR0001,PT0001,Afterpay Day: Everything on Sale + EXTRA 20% OFF, 7,2024,2025,Thursday,15/8/2024
Promotion,PR0001,PT0001,Afterpay Day: Everything on Sale + EXTRA 20% OFF, 7,2024,2025,Friday,16/8/2024
Promotion,PR0001,PT0001,Afterpay Day: Everything on Sale + EXTRA 20% OFF, 7,2024,2025,Saturday,17/8/2024
Promotion,PR0001,PT0001,Afterpay Day: Everything on Sale + EXTRA 20% OFF, 7,2024,2025,Sunday,18/8/2024
Promotion,PR0001,PT0001,Afterpay Day: Everything on Sale + EXTRA 20% OFF, 8,2024,2025,Monday,19/8/2024
Promotion,PR0001,PT0001,Afterpay Day: Everything on Sale + EXTRA 20% OFF,37,2025,2025,Saturday,15/3/2025
Promotion,PR0001,PT0001,Afterpay Day: Everything on Sale + EXTRA 20% OFF,37,2025,2025,Sunday,16/3/2025
Promotion,PR0001,PT0001,Afterpay Day: Everything on Sale + EXTRA 20% OFF,38,2025,2025,Monday,17/3/2025
Promotion,PR0001,PT0001,Afterpay Day: Everything on Sale + EXTRA 20% OFF,38,2025,2025,Tuesday,18/3/2025
Promotion,PR0001,PT0001,Afterpay Day: Everything on Sale + EXTRA 20% OFF,38,2025,2025,Wednesday,19/3/2025
Promotion,PR0001,PT0001,Afterpay Day: Everything on Sale + EXTRA 20% OFF,38,2025,2025,Thursday,20/3/2025
Promotion,PR0001,PT0001,Afterpay Day: Everything on Sale + EXTRA 20% OFF,38,2025,2025,Friday,21/3/2025
Promotion,PR0001,PT0001,Afterpay Day: Everything on Sale + EXTRA 20% OFF,38,2025,2025,Saturday,22/3/2025
Promotion,PR0001,PT0001,Afterpay Day: Everything on Sale + EXTRA 20% OFF,38,2025,2025,Sunday,23/3/2025
Promotion,PR0001,PT0002,Big Brand Sale: Up to xx% off, 2,2024,2025,Tuesday,9/7/2024
Promotion,PR0001,PT0002,Big Brand Sale: Up to xx% off, 2,2024,2025,Wednesday,10/7/2024
Promotion,PR0001,PT0002,Big Brand Sale: Up to xx% off, 2,2024,2025,Thursday,11/7/2024
Promotion,PR0001,PT0002,Big Brand Sale: Up to xx% off, 2,2024,2025,Friday,12/7/2024
Promotion,PR0001,PT0002,Big Brand Sale: Up to xx% off, 2,2024,2025,Saturday,13/7/2024
Promotion,PR0001,PT0002,Big Brand Sale: Up to xx% off, 2,2024,2025,Sunday,14/7/2024
Promotion,PR0001,PT0002,Big Brand Sale: Up to xx% off, 3,2024,2025,Monday,15/7/2024
Promotion,PR0001,PT0002,Big Brand Sale: Up to xx% off, 3,2024,2025,Tuesday,16/7/2024
Promotion,PR0001,PT0002,Big Brand Sale: Up to xx% off, 3,2024,2025,Wednesday,17/7/2024
Promotion,PR0001,PT0002,Big Brand Sale: Up to xx% off, 3,2024,2025,Thursday,18/7/2024
Promotion,PR0001,PT0002,Big Brand Sale: Up to xx% off, 3,2024,2025,Friday,19/7/2024
Promotion,PR0001,PT0002,Big Brand Sale: Up to xx% off, 3,2024,2025,Saturday,20/7/2024
Promotion,PR0001,PT0002,Big Brand Sale: Up to xx% off, 3,2024,2025,Sunday,21/7/2024
Promotion,PR0001,PT0002,Big Brand Sale: Up to xx% off, 4,2024,2025,Monday,22/7/2024
Promotion,PR0001,PT0002,Big Brand Sale: Up to xx% off, 4,2024,2025,Tuesday,23/7/2024
Promotion,PR0001,PT0002,Big Brand Sale: Up to xx% off, 4,2024,2025,Wednesday,24/7/2024
Promotion,PR0001,PT0003,Black Friday - Everything on Sale + EXTRA 20% off Sitewide,21,2024,2025,Thursday,21/11/2024
Promotion,PR0001,PT0003,Black Friday - Everything on Sale + EXTRA 20% off Sitewide,21,2024,2025,Friday,22/11/2024
Promotion,PR0001,PT0003,Black Friday - Everything on Sale + EXTRA 20% off Sitewide,21,2024,2025,Saturday,23/11/2024
Promotion,PR0001,PT0003,Black Friday - Everything on Sale + EXTRA 20% off Sitewide,21,2024,2025,Sunday,24/11/2024
Promotion,PR0001,PT0003,Black Friday - Everything on Sale + EXTRA 20% off Sitewide,22,2024,2025,Monday,25/11/2024
Promotion,PR0001,PT0003,Black Friday - Everything on Sale + EXTRA 20% off Sitewide,22,2024,2025,Tuesday,26/11/2024
Promotion,PR0001,PT0003,Black Friday - Everything on Sale + EXTRA 20% off Sitewide,22,2024,2025,Wednesday,27/11/2024
Promotion,PR0001,PT0003,Black Friday - Everything on Sale + EXTRA 20% off Sitewide,22,2024,2025,Thursday,28/11/2024
Promotion,PR0001,PT0003,Black Friday - Everything on Sale + EXTRA 20% off Sitewide,22,2024,2025,Friday,29/11/2024
Promotion,PR0001,PT0003,Black Friday - Everything on Sale + EXTRA 20% off Sitewide,22,2024,2025,Saturday,30/11/2024
Promotion,PR0001,PT0003,Black Friday - Everything on Sale + EXTRA 20% off Sitewide,22,2024,2025,Sunday,1/12/2024
Promotion,PR0001,PT0003,Black Friday - Everything on Sale + EXTRA 20% off Sitewide,23,2024,2025,Monday,2/12/2024
Promotion,PR0001,PT0004,Boxing Day Sale - Everything on Sale + TAE20% off Sitewide,25,2024,2025,Monday,16/12/2024
Promotion,PR0001,PT0004,Boxing Day Sale - Everything on Sale + TAE20% off Sitewide,25,2024,2025,Tuesday,17/12/2024
Promotion,PR0001,PT0004,Boxing Day Sale - Everything on Sale + TAE20% off Sitewide,25,2024,2025,Wednesday,18/12/2024
Promotion,PR0001,PT0004,Boxing Day Sale - Everything on Sale + TAE20% off Sitewide,25,2024,2025,Thursday,19/12/2024
Promotion,PR0001,PT0004,Boxing Day Sale - Everything on Sale + TAE20% off Sitewide,25,2024,2025,Friday,20/12/2024
Promotion,PR0001,PT0004,Boxing Day Sale - Everything on Sale + TAE20% off Sitewide,25,2024,2025,Saturday,21/12/2024
Promotion,PR0001,PT0004,Boxing Day Sale - Everything on Sale + TAE20% off Sitewide,25,2024,2025,Sunday,22/12/2024
Promotion,PR0001,PT0004,Boxing Day Sale - Everything on Sale + TAE20% off Sitewide,26,2024,2025,Monday,23/12/2024
Promotion,PR0001,PT0004,Boxing Day Sale - Everything on Sale + TAE20% off Sitewide,26,2024,2025,Tuesday,24/12/2024
Promotion,PR0001,PT0004,Boxing Day Sale - Everything on Sale + TAE20% off Sitewide,26,2024,2025,Wednesday,25/12/2024
Promotion,PR0001,PT0004,Boxing Day Sale - Everything on Sale + TAE20% off Sitewide,26,2024,2025,Thursday,26/12/2024
Promotion,PR0001,PT0004,Boxing Day Sale - Everything on Sale + TAE20% off Sitewide,26,2024,2025,Friday,27/12/2024
Promotion,PR0001,PT0004,Boxing Day Sale - Everything on Sale + TAE20% off Sitewide,26,2024,2025,Saturday,28/12/2024
Promotion,PR0001,PT0004,Boxing Day Sale - Everything on Sale + TAE20% off Sitewide,26,2024,2025,Sunday,29/12/2024
Promotion,PR0001,PT0005,Easter Entertaining,39,2025,2025,Monday,24/3/2025
Promotion,PR0001,PT0005,Easter Entertaining,39,2025,2025,Tuesday,25/3/2025
Promotion,PR0001,PT0005,Easter Entertaining,39,2025,2025,Wednesday,26/3/2025
Promotion,PR0001,PT0005,Easter Entertaining,39,2025,2025,Thursday,27/3/2025
Promotion,PR0001,PT0005,Easter Entertaining,39,2025,2025,Friday,28/3/2025
Promotion,PR0001,PT0005,Easter Entertaining,39,2025,2025,Saturday,29/3/2025
Promotion,PR0001,PT0005,Easter Entertaining,39,2025,2025,Sunday,30/3/2025
Promotion,PR0001,PT0005,Easter Entertaining,40,2025,2025,Monday,31/3/2025
Promotion,PR0001,PT0005,Easter Entertaining,40,2025,2025,Tuesday,1/4/2025
Promotion,PR0001,PT0005,Easter Entertaining,40,2025,2025,Wednesday,2/4/2025
Promotion,PR0001,PT0005,Easter Entertaining,40,2025,2025,Thursday,3/4/2025
Promotion,PR0001,PT0005,Easter Entertaining,40,2025,2025,Friday,4/4/2025
Promotion,PR0001,PT0005,Easter Entertaining,40,2025,2025,Saturday,5/4/2025
Promotion,PR0001,PT0005,Easter Entertaining,40,2025,2025,Sunday,6/4/2025
Promotion,PR0001,PT0005,Easter Entertaining,41,2025,2025,Monday,7/4/2025
Promotion,PR0001,PT0005,Easter Entertaining,41,2025,2025,Tuesday,8/4/2025
Promotion,PR0001,PT0005,Easter Entertaining,41,2025,2025,Wednesday,9/4/2025
Promotion,PR0001,PT0005,Easter Entertaining,41,2025,2025,Thursday,10/4/2025
Promotion,PR0001,PT0005,Easter Entertaining,41,2025,2025,Friday,11/4/2025
Promotion,PR0001,PT0005,Easter Entertaining,41,2025,2025,Saturday,12/4/2025
Promotion,PR0001,PT0005,Easter Entertaining,41,2025,2025,Sunday,13/4/2025
Promotion,PR0001,PT0005,Easter Entertaining,42,2025,2025,Monday,14/4/2025
Promotion,PR0001,PT0006,Easter Entertaining Up to 75% off,39,2024,2024,Tuesday,19/3/2024
Promotion,PR0001,PT0006,Easter Entertaining Up to 75% off,39,2024,2024,Wednesday,20/3/2024
Promotion,PR0001,PT0006,Easter Entertaining Up to 75% off,39,2024,2024,Thursday,21/3/2024
Promotion,PR0001,PT0006,Easter Entertaining Up to 75% off,39,2024,2024,Friday,22/3/2024
Promotion,PR0001,PT0006,Easter Entertaining Up to 75% off,39,2024,2024,Saturday,23/3/2024
Promotion,PR0001,PT0006,Easter Entertaining Up to 75% off,39,2024,2024,Sunday,24/3/2024
Promotion,PR0001,PT0006,Easter Entertaining Up to 75% off,40,2024,2024,Monday,25/3/2024
Promotion,PR0001,PT0006,Easter Entertaining Up to 75% off,40,2024,2024,Tuesday,26/3/2024
Promotion,PR0001,PT0006,Easter Entertaining Up to 75% off,40,2024,2024,Wednesday,27/3/2024
Promotion,PR0001,PT0006,Easter Entertaining Up to 75% off,40,2024,2024,Thursday,28/3/2024
Promotion,PR0001,PT0006,Easter Entertaining Up to 75% off,40,2024,2024,Friday,29/3/2024
Promotion,PR0001,PT0006,Easter Entertaining Up to 75% off,40,2024,2024,Saturday,30/3/2024
Promotion,PR0001,PT0006,Easter Entertaining Up to 75% off,40,2024,2024,Sunday,31/3/2024
Promotion,PR0001,PT0006,Easter Entertaining Up to 75% off,41,2024,2024,Monday,1/4/2024
Promotion,PR0001,PT0007,Embrace Autumn with Seasonal Cookware + Ecology Giveaway,43,2024,2024,Tuesday,16/4/2024
Promotion,PR0001,PT0007,Embrace Autumn with Seasonal Cookware + Ecology Giveaway,43,2024,2024,Wednesday,17/4/2024
Promotion,PR0001,PT0007,Embrace Autumn with Seasonal Cookware + Ecology Giveaway,43,2024,2024,Thursday,18/4/2024
Promotion,PR0001,PT0007,Embrace Autumn with Seasonal Cookware + Ecology Giveaway,43,2024,2024,Friday,19/4/2024
Promotion,PR0001,PT0007,Embrace Autumn with Seasonal Cookware + Ecology Giveaway,43,2024,2024,Saturday,20/4/2024
Promotion,PR0001,PT0007,Embrace Autumn with Seasonal Cookware + Ecology Giveaway,43,2024,2024,Sunday,21/4/2024
Promotion,PR0001,PT0007,Embrace Autumn with Seasonal Cookware + Ecology Giveaway,44,2024,2024,Monday,22/4/2024
Promotion,PR0001,PT0040,Entertainer's Edit -Free Gift Orders Over $179 + Free Otto Glasses,12,2024,2025,Tuesday,17/9/2024
Promotion,PR0001,PT0040,Entertainer's Edit -Free Gift Orders Over $179 + Free Otto Glasses,12,2024,2025,Wednesday,18/9/2024
Promotion,PR0001,PT0040,Entertainer's Edit -Free Gift Orders Over $179 + Free Otto Glasses,12,2024,2025,Thursday,19/9/2024
Promotion,PR0001,PT0040,Entertainer's Edit -Free Gift Orders Over $179 + Free Otto Glasses,12,2024,2025,Friday,20/9/2024
Promotion,PR0001,PT0040,Entertainer's Edit -Free Gift Orders Over $179 + Free Otto Glasses,12,2024,2025,Saturday,21/9/2024
Promotion,PR0001,PT0040,Entertainer's Edit -Free Gift Orders Over $179 + Free Otto Glasses,12,2024,2025,Sunday,22/9/2024
Promotion,PR0001,PT0040,Entertainer's Edit -Free Gift Orders Over $179 + Free Otto Glasses,13,2024,2025,Monday,23/9/2024
Promotion,PR0001,PT0040,Entertainer's Edit -Free Gift Orders Over $179 + Free Otto Glasses,13,2024,2025,Tuesday,24/9/2024
Promotion,PR0001,PT0040,Entertainer's Edit -Free Gift Orders Over $179 + Free Otto Glasses,13,2024,2025,Wednesday,25/9/2024
Promotion,PR0001,PT0040,Entertainer's Edit -Free Gift Orders Over $179 + Free Otto Glasses,13,2024,2025,Thursday,26/9/2024
Promotion,PR0001,PT0040,Entertainer's Edit -Free Gift Orders Over $179 + Free Otto Glasses,13,2024,2025,Friday,27/9/2024
Promotion,PR0001,PT0040,Entertainer's Edit -Free Gift Orders Over $179 + Free Otto Glasses,13,2024,2025,Saturday,28/9/2024
Promotion,PR0001,PT0040,Entertainer's Edit -Free Gift Orders Over $179 + Free Otto Glasses,13,2024,2025,Sunday,29/9/2024
Promotion,PR0001,PT0040,Entertainer's Edit -Free Gift Orders Over $179 + Free Otto Glasses,14,2024,2025,Monday,30/9/2024
Promotion,PR0001,PT0008,Extra 20% off ALL Cookware,17,2024,2025,Tuesday,22/10/2024
Promotion,PR0001,PT0008,Extra 20% off ALL Cookware,17,2024,2025,Wednesday,23/10/2024
Promotion,PR0001,PT0008,Extra 20% off ALL Cookware,17,2024,2025,Thursday,24/10/2024
Promotion,PR0001,PT0008,Extra 20% off ALL Cookware,17,2024,2025,Friday,25/10/2024
Promotion,PR0001,PT0008,Extra 20% off ALL Cookware,17,2024,2025,Saturday,26/10/2024
Promotion,PR0001,PT0008,Extra 20% off ALL Cookware,17,2024,2025,Sunday,27/10/2024
Promotion,PR0001,PT0008,Extra 20% off ALL Cookware,18,2024,2025,Monday,28/10/2024
Promotion,PR0001,PT0009,Frenzy: Everything on Sale + EXTRA 20% off Sitewide,19,2024,2025,Thursday,7/11/2024
Promotion,PR0001,PT0009,Frenzy: Everything on Sale + EXTRA 20% off Sitewide,19,2024,2025,Friday,8/11/2024
Promotion,PR0001,PT0009,Frenzy: Everything on Sale + EXTRA 20% off Sitewide,19,2024,2025,Saturday,9/11/2024
Promotion,PR0001,PT0009,Frenzy: Everything on Sale + EXTRA 20% off Sitewide,19,2024,2025,Sunday,10/11/2024
Promotion,PR0001,PT0009,Frenzy: Everything on Sale + EXTRA 20% off Sitewide,20,2024,2025,Monday,11/11/2024
Promotion,PR0001,PT0009,Frenzy: Everything on Sale + EXTRA 20% off Sitewide,20,2024,2025,Tuesday,12/11/2024
Promotion,PR0001,PT0009,Frenzy: Everything on Sale + EXTRA 20% off Sitewide,20,2024,2025,Wednesday,13/11/2024
Promotion,PR0001,PT0009,Frenzy: Everything on Sale + EXTRA 20% off Sitewide,20,2024,2025,Thursday,14/11/2024
Promotion,PR0001,PT0009,Frenzy: Everything on Sale + EXTRA 20% off Sitewide,20,2024,2025,Friday,15/11/2024
Promotion,PR0001,PT0009,Frenzy: Everything on Sale + EXTRA 20% off Sitewide,20,2024,2025,Saturday,16/11/2024
Promotion,PR0001,PT0009,Frenzy: Everything on Sale + EXTRA 20% off Sitewide,20,2024,2025,Sunday,17/11/2024
Promotion,PR0001,PT0009,Frenzy: Everything on Sale + EXTRA 20% off Sitewide,21,2024,2025,Monday,18/11/2024
Promotion,PR0001,PT0010,Get Guest Ready,23,2024,2025,Tuesday,3/12/2024
Promotion,PR0001,PT0010,Get Guest Ready,23,2024,2025,Wednesday,4/12/2024
Promotion,PR0001,PT0010,Get Guest Ready,23,2024,2025,Thursday,5/12/2024
Promotion,PR0001,PT0010,Get Guest Ready,23,2024,2025,Friday,6/12/2024
Promotion,PR0001,PT0010,Get Guest Ready,23,2024,2025,Saturday,7/12/2024
Promotion,PR0001,PT0010,Get Guest Ready,23,2024,2025,Sunday,8/12/2024
Promotion,PR0001,PT0010,Get Guest Ready,24,2024,2025,Monday,9/12/2024
Promotion,PR0001,PT0010,Get Guest Ready,24,2024,2025,Tuesday,10/12/2024
Promotion,PR0001,PT0010,Get Guest Ready,24,2024,2025,Wednesday,11/12/2024
Promotion,PR0001,PT0010,Get Guest Ready,24,2024,2025,Thursday,12/12/2024
Promotion,PR0001,PT0010,Get Guest Ready,24,2024,2025,Friday,13/12/2024
Promotion,PR0001,PT0010,Get Guest Ready,24,2024,2025,Saturday,14/12/2024
Promotion,PR0001,PT0010,Get Guest Ready,24,2024,2025,Sunday,15/12/2024
Promotion,PR0001,PT0011,Gold Medal Deals / Savings / Olympics Inspired Up to XX% off, 4,2024,2025,Thursday,25/7/2024
Promotion,PR0001,PT0011,Gold Medal Deals / Savings / Olympics Inspired Up to XX% off, 4,2024,2025,Friday,26/7/2024
Promotion,PR0001,PT0011,Gold Medal Deals / Savings / Olympics Inspired Up to XX% off, 4,2024,2025,Saturday,27/7/2024
Promotion,PR0001,PT0011,Gold Medal Deals / Savings / Olympics Inspired Up to XX% off, 4,2024,2025,Sunday,28/7/2024
Promotion,PR0001,PT0011,Gold Medal Deals / Savings / Olympics Inspired Up to XX% off, 5,2024,2025,Monday,29/7/2024
Promotion,PR0001,PT0011,Gold Medal Deals / Savings / Olympics Inspired Up to XX% off, 5,2024,2025,Tuesday,30/7/2024
Promotion,PR0001,PT0011,Gold Medal Deals / Savings / Olympics Inspired Up to XX% off, 5,2024,2025,Wednesday,31/7/2024
Promotion,PR0001,PT0011,Gold Medal Deals / Savings / Olympics Inspired Up to XX% off, 5,2024,2025,Thursday,1/8/2024
Promotion,PR0001,PT0011,Gold Medal Deals / Savings / Olympics Inspired Up to XX% off, 5,2024,2025,Friday,2/8/2024
Promotion,PR0001,PT0011,Gold Medal Deals / Savings / Olympics Inspired Up to XX% off, 5,2024,2025,Saturday,3/8/2024
Promotion,PR0001,PT0011,Gold Medal Deals / Savings / Olympics Inspired Up to XX% off, 5,2024,2025,Sunday,4/8/2024
Promotion,PR0001,PT0011,Gold Medal Deals / Savings / Olympics Inspired Up to XX% off, 6,2024,2025,Monday,5/8/2024
Promotion,PR0001,PT0012,Half Price or better Everything in this Sale,32,2024,2024,Tuesday,30/1/2024
Promotion,PR0001,PT0012,Half Price or better Everything in this Sale,32,2024,2024,Wednesday,31/1/2024
Promotion,PR0001,PT0012,Half Price or better Everything in this Sale,32,2024,2024,Thursday,1/2/2024
Promotion,PR0001,PT0012,Half Price or better Everything in this Sale,32,2024,2024,Friday,2/2/2024
Promotion,PR0001,PT0012,Half Price or better Everything in this Sale,32,2024,2024,Saturday,3/2/2024
Promotion,PR0001,PT0012,Half Price or better Everything in this Sale,32,2024,2024,Sunday,4/2/2024
Promotion,PR0001,PT0012,Half Price or better Everything in this Sale,33,2024,2024,Monday,5/2/2024
Promotion,PR0001,PT0012,Half Price or better Everything in this Sale,33,2024,2024,Tuesday,6/2/2024
Promotion,PR0001,PT0012,Half Price or better Everything in this Sale,33,2024,2024,Wednesday,7/2/2024
Promotion,PR0001,PT0012,Half Price or better Everything in this Sale,33,2024,2024,Thursday,8/2/2024
Promotion,PR0001,PT0012,Half Price or Better everything in this sale,31,2025,2025,Wednesday,29/1/2025
Promotion,PR0001,PT0012,Half Price or Better everything in this sale,31,2025,2025,Thursday,30/1/2025
Promotion,PR0001,PT0012,Half Price or Better everything in this sale,31,2025,2025,Friday,31/1/2025
Promotion,PR0001,PT0012,Half Price or Better everything in this sale,31,2025,2025,Saturday,1/2/2025
Promotion,PR0001,PT0012,Half Price or Better everything in this sale,31,2025,2025,Sunday,2/2/2025
Promotion,PR0001,PT0012,Half Price or Better everything in this sale,32,2025,2025,Monday,3/2/2025
Promotion,PR0001,PT0012,Half Price or Better everything in this sale,32,2025,2025,Tuesday,4/2/2025
Promotion,PR0001,PT0012,Half Price or Better everything in this sale,32,2025,2025,Wednesday,5/2/2025
Promotion,PR0001,PT0012,Half Price or Better everything in this sale,32,2025,2025,Thursday,6/2/2025
Promotion,PR0001,PT0012,Half Price or Better everything in this sale,32,2025,2025,Friday,7/2/2025
Promotion,PR0001,PT0012,Half Price or Better everything in this sale,32,2025,2025,Saturday,8/2/2025
Promotion,PR0001,PT0012,Half Price or Better everything in this sale,32,2025,2025,Sunday,9/2/2025
Promotion,PR0001,PT0012,Half Price or Better everything in this sale,33,2025,2025,Monday,10/2/2025
Promotion,PR0001,PT0013,HALF PRICE SALE EVERYTHING IN THIS SALE 50 -75% OFF + FATHERS DAY FEATURES, 8,2024,2025,Tuesday,20/8/2024
Promotion,PR0001,PT0013,HALF PRICE SALE EVERYTHING IN THIS SALE 50 -75% OFF + FATHERS DAY FEATURES, 8,2024,2025,Wednesday,21/8/2024
Promotion,PR0001,PT0013,HALF PRICE SALE EVERYTHING IN THIS SALE 50 -75% OFF + FATHERS DAY FEATURES, 8,2024,2025,Thursday,22/8/2024
Promotion,PR0001,PT0013,HALF PRICE SALE EVERYTHING IN THIS SALE 50 -75% OFF + FATHERS DAY FEATURES, 8,2024,2025,Friday,23/8/2024
Promotion,PR0001,PT0013,HALF PRICE SALE EVERYTHING IN THIS SALE 50 -75% OFF + FATHERS DAY FEATURES, 8,2024,2025,Saturday,24/8/2024
Promotion,PR0001,PT0013,HALF PRICE SALE EVERYTHING IN THIS SALE 50 -75% OFF + FATHERS DAY FEATURES, 8,2024,2025,Sunday,25/8/2024
Promotion,PR0001,PT0013,HALF PRICE SALE EVERYTHING IN THIS SALE 50 -75% OFF + FATHERS DAY FEATURES, 9,2024,2025,Monday,26/8/2024
Promotion,PR0001,PT0013,HALF PRICE SALE EVERYTHING IN THIS SALE 50 -75% OFF + FATHERS DAY FEATURES, 9,2024,2025,Tuesday,27/8/2024
Promotion,PR0001,PT0013,HALF PRICE SALE EVERYTHING IN THIS SALE 50 -75% OFF + FATHERS DAY FEATURES, 9,2024,2025,Wednesday,28/8/2024
Promotion,PR0001,PT0013,HALF PRICE SALE EVERYTHING IN THIS SALE 50 -75% OFF + FATHERS DAY FEATURES, 9,2024,2025,Thursday,29/8/2024
Promotion,PR0001,PT0013,HALF PRICE SALE EVERYTHING IN THIS SALE 50 -75% OFF + FATHERS DAY FEATURES, 9,2024,2025,Friday,30/8/2024
Promotion,PR0001,PT0013,HALF PRICE SALE EVERYTHING IN THIS SALE 50 -75% OFF + FATHERS DAY FEATURES, 9,2024,2025,Saturday,31/8/2024
Promotion,PR0001,PT0013,HALF PRICE SALE EVERYTHING IN THIS SALE 50 -75% OFF + FATHERS DAY FEATURES, 9,2024,2025,Sunday,1/9/2024
Promotion,PR0001,PT0014,Here Comes Winter Sale up to XX% off,48,2024,2024,Tuesday,21/5/2024
Promotion,PR0001,PT0014,Here Comes Winter Sale up to XX% off,48,2024,2024,Wednesday,22/5/2024
Promotion,PR0001,PT0014,Here Comes Winter Sale up to XX% off,48,2024,2024,Thursday,23/5/2024
Promotion,PR0001,PT0014,Here Comes Winter Sale up to XX% off,48,2024,2024,Friday,24/5/2024
Promotion,PR0001,PT0014,Here Comes Winter Sale up to XX% off,48,2024,2024,Saturday,25/5/2024
Promotion,PR0001,PT0014,Here Comes Winter Sale up to XX% off,48,2024,2024,Sunday,26/5/2024
Promotion,PR0001,PT0014,Here Comes Winter Sale up to XX% off,49,2024,2024,Monday,27/5/2024
Promotion,PR0001,PT0014,Here Comes Winter Sale up to XX% off,49,2024,2024,Tuesday,28/5/2024
Promotion,PR0001,PT0014,Here Comes Winter Sale up to XX% off,49,2024,2024,Wednesday,29/5/2024
Promotion,PR0001,PT0014,Here Comes Winter Sale up to XX% off,49,2024,2024,Thursday,30/5/2024
Promotion,PR0001,PT0014,Here Comes Winter Sale up to XX% off,49,2024,2024,Friday,31/5/2024
Promotion,PR0001,PT0014,Here Comes Winter Sale up to XX% off,49,2024,2024,Saturday,1/6/2024
Promotion,PR0001,PT0014,Here Comes Winter Sale up to XX% off,49,2024,2024,Sunday,2/6/2024
Promotion,PR0001,PT0014,Here Comes Winter Sale up to XX% off,50,2024,2024,Monday,3/6/2024
Promotion,PR0001,PT0015,House Frenzy Everythig on sale +extra 20% off,46,2024,2024,Friday,10/5/2024
Promotion,PR0001,PT0015,House Frenzy Everythig on sale +extra 20% off,46,2024,2024,Saturday,11/5/2024
Promotion,PR0001,PT0015,House Frenzy Everythig on sale +extra 20% off,46,2024,2024,Sunday,12/5/2024
Promotion,PR0001,PT0015,House Frenzy Everythig on sale +extra 20% off,47,2024,2024,Monday,13/5/2024
Promotion,PR0001,PT0015,House Frenzy Everythig on sale +extra 20% off,47,2024,2024,Tuesday,14/5/2024
Promotion,PR0001,PT0015,House Frenzy Everythig on sale +extra 20% off,47,2024,2024,Wednesday,15/5/2024
Promotion,PR0001,PT0015,House Frenzy Everythig on sale +extra 20% off,47,2024,2024,Thursday,16/5/2024
Promotion,PR0001,PT0015,House Frenzy Everythig on sale +extra 20% off,47,2024,2024,Friday,17/5/2024
Promotion,PR0001,PT0015,House Frenzy Everythig on sale +extra 20% off,47,2024,2024,Saturday,18/5/2024
Promotion,PR0001,PT0015,House Frenzy Everythig on sale +extra 20% off,47,2024,2024,Sunday,19/5/2024
Promotion,PR0001,PT0015,House Frenzy Everythig on sale +extra 20% off,48,2024,2024,Monday,20/5/2024
Promotion,PR0001,PT0016,House Frenzy: Everything on Sale + EXTRA 20% off Sitewide,45,2025,2025,Friday,9/5/2025
Promotion,PR0001,PT0016,House Frenzy: Everything on Sale + EXTRA 20% off Sitewide,45,2025,2025,Saturday,10/5/2025
Promotion,PR0001,PT0016,House Frenzy: Everything on Sale + EXTRA 20% off Sitewide,45,2025,2025,Sunday,11/5/2025
Promotion,PR0001,PT0016,House Frenzy: Everything on Sale + EXTRA 20% off Sitewide,46,2025,2025,Monday,12/5/2025
Promotion,PR0001,PT0016,House Frenzy: Everything on Sale + EXTRA 20% off Sitewide,46,2025,2025,Tuesday,13/5/2025
Promotion,PR0001,PT0016,House Frenzy: Everything on Sale + EXTRA 20% off Sitewide,46,2025,2025,Wednesday,14/5/2025
Promotion,PR0001,PT0016,House Frenzy: Everything on Sale + EXTRA 20% off Sitewide,46,2025,2025,Thursday,15/5/2025
Promotion,PR0001,PT0016,House Frenzy: Everything on Sale + EXTRA 20% off Sitewide,46,2025,2025,Friday,16/5/2025
Promotion,PR0001,PT0016,House Frenzy: Everything on Sale + EXTRA 20% off Sitewide,46,2025,2025,Saturday,17/5/2025
Promotion,PR0001,PT0016,House Frenzy: Everything on Sale + EXTRA 20% off Sitewide,46,2025,2025,Sunday,18/5/2025
Promotion,PR0001,PT0016,House Frenzy: Everything on Sale + EXTRA 20% off Sitewide,47,2025,2025,Monday,19/5/2025
Promotion,PR0001,PT0017,Jan Clearance Up to XX % off,27,2025,2025,Friday,3/1/2025
Promotion,PR0001,PT0017,Jan Clearance Up to XX % off,27,2025,2025,Saturday,4/1/2025
Promotion,PR0001,PT0017,Jan Clearance Up to XX % off,27,2025,2025,Sunday,5/1/2025
Promotion,PR0001,PT0017,Jan Clearance Up to XX % off,28,2025,2025,Monday,6/1/2025
Promotion,PR0001,PT0017,Jan Clearance Up to XX % off,28,2025,2025,Tuesday,7/1/2025
Promotion,PR0001,PT0017,Jan Clearance Up to XX % off,28,2025,2025,Wednesday,8/1/2025
Promotion,PR0001,PT0017,Jan Clearance Up to XX % off,28,2025,2025,Thursday,9/1/2025
Promotion,PR0001,PT0017,Jan Clearance Up to XX % off,28,2025,2025,Friday,10/1/2025
Promotion,PR0001,PT0017,Jan Clearance Up to XX % off,28,2025,2025,Saturday,11/1/2025
Promotion,PR0001,PT0017,Jan Clearance Up to XX % off,28,2025,2025,Sunday,12/1/2025
Promotion,PR0001,PT0017,Jan Clearance Up to XX % off,29,2025,2025,Monday,13/1/2025
Promotion,PR0001,PT0017,Jan Clearance Up to XX % off,29,2025,2025,Tuesday,14/1/2025
Promotion,PR0001,PT0017,Jan Clearance Up to XX % off,29,2025,2025,Wednesday,15/1/2025
Promotion,PR0001,PT0017,Jan Clearance Up to XX % off,29,2025,2025,Thursday,16/1/2025
Promotion,PR0001,PT0017,Jan Clearance Up to XX % off,29,2025,2025,Friday,17/1/2025
Promotion,PR0001,PT0017,Jan Clearance Up to XX % off,29,2025,2025,Saturday,18/1/2025
Promotion,PR0001,PT0017,Jan Clearance Up to XX % off,29,2025,2025,Sunday,19/1/2025
Promotion,PR0001,PT0017,Jan Clearance Up to XX % off,30,2025,2025,Monday,20/1/2025
Promotion,PR0001,PT0018,June Clearance,49,2025,2025,Tuesday,3/6/2025
Promotion,PR0001,PT0018,June Clearance,49,2025,2025,Wednesday,4/6/2025
Promotion,PR0001,PT0018,June Clearance,49,2025,2025,Thursday,5/6/2025
Promotion,PR0001,PT0018,June Clearance,49,2025,2025,Friday,6/6/2025
Promotion,PR0001,PT0018,June Clearance,49,2025,2025,Saturday,7/6/2025
Promotion,PR0001,PT0018,June Clearance,49,2025,2025,Sunday,8/6/2025
Promotion,PR0001,PT0018,June Clearance,50,2025,2025,Monday,9/6/2025
Promotion,PR0001,PT0018,June Clearance,50,2025,2025,Tuesday,10/6/2025
Promotion,PR0001,PT0018,June Clearance,50,2025,2025,Wednesday,11/6/2025
Promotion,PR0001,PT0018,June Clearance,50,2025,2025,Thursday,12/6/2025
Promotion,PR0001,PT0018,June Clearance,50,2025,2025,Friday,13/6/2025
Promotion,PR0001,PT0018,June Clearance,50,2025,2025,Saturday,14/6/2025
Promotion,PR0001,PT0018,June Clearance,50,2025,2025,Sunday,15/6/2025
Promotion,PR0001,PT0018,June Clearance,51,2025,2025,Monday,16/6/2025
Promotion,PR0001,PT0018,June Clearance,51,2025,2025,Tuesday,17/6/2025
Promotion,PR0001,PT0018,June Clearance,51,2025,2025,Wednesday,18/6/2025
Promotion,PR0001,PT0018,June Clearance,51,2025,2025,Thursday,19/6/2025
Promotion,PR0001,PT0019,JUNE CLEARANCE: Up to xx% off,50,2024,2024,Tuesday,4/6/2024
Promotion,PR0001,PT0019,JUNE CLEARANCE: Up to xx% off,50,2024,2024,Wednesday,5/6/2024
Promotion,PR0001,PT0019,JUNE CLEARANCE: Up to xx% off,50,2024,2024,Thursday,6/6/2024
Promotion,PR0001,PT0019,JUNE CLEARANCE: Up to xx% off,50,2024,2024,Friday,7/6/2024
Promotion,PR0001,PT0019,JUNE CLEARANCE: Up to xx% off,50,2024,2024,Saturday,8/6/2024
Promotion,PR0001,PT0019,JUNE CLEARANCE: Up to xx% off,50,2024,2024,Sunday,9/6/2024
Promotion,PR0001,PT0019,JUNE CLEARANCE: Up to xx% off,51,2024,2024,Monday,10/6/2024
Promotion,PR0001,PT0019,JUNE CLEARANCE: Up to xx% off,51,2024,2024,Tuesday,11/6/2024
Promotion,PR0001,PT0019,JUNE CLEARANCE: Up to xx% off,51,2024,2024,Wednesday,12/6/2024
Promotion,PR0001,PT0019,JUNE CLEARANCE: Up to xx% off,51,2024,2024,Thursday,13/6/2024
Promotion,PR0001,PT0019,JUNE CLEARANCE: Up to xx% off,51,2024,2024,Friday,14/6/2024
Promotion,PR0001,PT0019,JUNE CLEARANCE: Up to xx% off,51,2024,2024,Saturday,15/6/2024
Promotion,PR0001,PT0019,JUNE CLEARANCE: Up to xx% off,51,2024,2024,Sunday,16/6/2024
Promotion,PR0001,PT0019,JUNE CLEARANCE: Up to xx% off,52,2024,2024,Monday,17/6/2024
Promotion,PR0001,PT0019,JUNE CLEARANCE: Up to xx% off,52,2024,2024,Tuesday,18/6/2024
Promotion,PR0001,PT0020,LAST CHANCE NEW YEARS DAY 20% off EVERYTHING on SALE,28,2024,2024,Monday,1/1/2024
Promotion,PR0001,PT0020,LAST CHANCE NEW YEARS DAY 20% off EVERYTHING on SALE,28,2024,2024,Tuesday,2/1/2024
Promotion,PR0001,PT0021,Massive Kitchen Runout,33,2025,2025,Tuesday,11/2/2025
Promotion,PR0001,PT0021,Massive Kitchen Runout,33,2025,2025,Wednesday,12/2/2025
Promotion,PR0001,PT0021,Massive Kitchen Runout,33,2025,2025,Thursday,13/2/2025
Promotion,PR0001,PT0021,Massive Kitchen Runout,33,2025,2025,Friday,14/2/2025
Promotion,PR0001,PT0021,Massive Kitchen Runout,33,2025,2025,Saturday,15/2/2025
Promotion,PR0001,PT0021,Massive Kitchen Runout,33,2025,2025,Sunday,16/2/2025
Promotion,PR0001,PT0021,Massive Kitchen Runout,34,2025,2025,Monday,17/2/2025
Promotion,PR0001,PT0021,Massive Kitchen Runout,34,2025,2025,Tuesday,18/2/2025
Promotion,PR0001,PT0021,Massive Kitchen Runout,34,2025,2025,Wednesday,19/2/2025
Promotion,PR0001,PT0021,Massive Kitchen Runout,34,2025,2025,Thursday,20/2/2025
Promotion,PR0001,PT0021,Massive Kitchen Runout,34,2025,2025,Friday,21/2/2025
Promotion,PR0001,PT0021,Massive Kitchen Runout,34,2025,2025,Saturday,22/2/2025
Promotion,PR0001,PT0021,Massive Kitchen Runout,34,2025,2025,Sunday,23/2/2025
Promotion,PR0001,PT0021,Massive Kitchen Runout,35,2025,2025,Monday,24/2/2025
Promotion,PR0001,PT0021,Massive Kitchen Runout,35,2025,2025,Tuesday,25/2/2025
Promotion,PR0001,PT0021,Massive Kitchen Runout,35,2025,2025,Wednesday,26/2/2025
Promotion,PR0001,PT0021,Massive Kitchen Runout,35,2025,2025,Thursday,27/2/2025
Promotion,PR0001,PT0021,Massive Kitchen Runout,35,2025,2025,Friday,28/2/2025
Promotion,PR0001,PT0021,Massive Kitchen Runout,35,2025,2025,Saturday,1/3/2025
Promotion,PR0001,PT0021,Massive Kitchen Runout,35,2025,2025,Sunday,2/3/2025
Promotion,PR0001,PT0021,Massive Kitchen Runout,36,2025,2025,Monday,3/3/2025
Promotion,PR0001,PT0022,Massive Kitchen Runout $20 off Orders over $149,33,2024,2024,Friday,9/2/2024
Promotion,PR0001,PT0022,Massive Kitchen Runout $20 off Orders over $149,33,2024,2024,Saturday,10/2/2024
Promotion,PR0001,PT0022,Massive Kitchen Runout $20 off Orders over $149,33,2024,2024,Sunday,11/2/2024
Promotion,PR0001,PT0022,Massive Kitchen Runout $20 off Orders over $149,34,2024,2024,Monday,12/2/2024
Promotion,PR0001,PT0022,Massive Kitchen Runout $20 off Orders over $149,34,2024,2024,Tuesday,13/2/2024
Promotion,PR0001,PT0022,Massive Kitchen Runout $20 off Orders over $149,34,2024,2024,Wednesday,14/2/2024
Promotion,PR0001,PT0022,Massive Kitchen Runout $20 off Orders over $149,34,2024,2024,Thursday,15/2/2024
Promotion,PR0001,PT0022,Massive Kitchen Runout $20 off Orders over $149,34,2024,2024,Friday,16/2/2024
Promotion,PR0001,PT0022,Massive Kitchen Runout $20 off Orders over $149,34,2024,2024,Saturday,17/2/2024
Promotion,PR0001,PT0022,Massive Kitchen Runout $20 off Orders over $149,34,2024,2024,Sunday,18/2/2024
Promotion,PR0001,PT0022,Massive Kitchen Runout $20 off Orders over $149,35,2024,2024,Monday,19/2/2024
Promotion,PR0001,PT0023,Massive Kitchen Runout Save up to 70% off,35,2024,2024,Tuesday,20/2/2024
Promotion,PR0001,PT0023,Massive Kitchen Runout Save up to 70% off,35,2024,2024,Wednesday,21/2/2024
Promotion,PR0001,PT0023,Massive Kitchen Runout Save up to 70% off,35,2024,2024,Thursday,22/2/2024
Promotion,PR0001,PT0023,Massive Kitchen Runout Save up to 70% off,35,2024,2024,Friday,23/2/2024
Promotion,PR0001,PT0023,Massive Kitchen Runout Save up to 70% off,35,2024,2024,Saturday,24/2/2024
Promotion,PR0001,PT0023,Massive Kitchen Runout Save up to 70% off,35,2024,2024,Sunday,25/2/2024
Promotion,PR0001,PT0023,Massive Kitchen Runout Save up to 70% off,36,2024,2024,Monday,26/2/2024
Promotion,PR0001,PT0023,Massive Kitchen Runout Save up to 70% off,36,2024,2024,Tuesday,27/2/2024
Promotion,PR0001,PT0023,Massive Kitchen Runout Save up to 70% off,36,2024,2024,Wednesday,28/2/2024
Promotion,PR0001,PT0023,Massive Kitchen Runout Save up to 70% off,36,2024,2024,Thursday,29/2/2024
Promotion,PR0001,PT0023,Massive Kitchen Runout Save up to 70% off,36,2024,2024,Friday,1/3/2024
Promotion,PR0001,PT0023,Massive Kitchen Runout Save up to 70% off,36,2024,2024,Saturday,2/3/2024
Promotion,PR0001,PT0023,Massive Kitchen Runout Save up to 70% off,36,2024,2024,Sunday,3/3/2024
Promotion,PR0001,PT0023,Massive Kitchen Runout Save up to 70% off,37,2024,2024,Monday,4/3/2024
Promotion,PR0001,PT0024,MEGA EOFY SALE UP TO 75% OFF RRP* +EXTRA 20% OFF ALL SALE,52,2024,2024,Friday,21/6/2024
Promotion,PR0001,PT0024,MEGA EOFY SALE UP TO 75% OFF RRP* +EXTRA 20% OFF ALL SALE,52,2024,2024,Saturday,22/6/2024
Promotion,PR0001,PT0024,MEGA EOFY SALE UP TO 75% OFF RRP* +EXTRA 20% OFF ALL SALE,52,2024,2024,Sunday,23/6/2024
Promotion,PR0001,PT0024,MEGA EOFY SALE UP TO 75% OFF RRP* +EXTRA 20% OFF ALL SALE,53,2024,2024,Monday,24/6/2024
Promotion,PR0001,PT0024,MEGA EOFY SALE UP TO 75% OFF RRP* +EXTRA 20% OFF ALL SALE,53,2024,2024,Tuesday,25/6/2024
Promotion,PR0001,PT0024,MEGA EOFY SALE UP TO 75% OFF RRP* +EXTRA 20% OFF ALL SALE,53,2024,2024,Wednesday,26/6/2024
Promotion,PR0001,PT0024,MEGA EOFY SALE UP TO 75% OFF RRP* +EXTRA 20% OFF ALL SALE,53,2024,2024,Thursday,27/6/2024
Promotion,PR0001,PT0024,MEGA EOFY SALE UP TO 75% OFF RRP* +EXTRA 20% OFF ALL SALE,53,2024,2024,Friday,28/6/2024
Promotion,PR0001,PT0024,MEGA EOFY SALE UP TO 75% OFF RRP* +EXTRA 20% OFF ALL SALE,53,2024,2024,Saturday,29/6/2024
Promotion,PR0001,PT0024,MEGA EOFY SALE UP TO 75% OFF RRP* +EXTRA 20% OFF ALL SALE,53,2024,2024,Sunday,30/6/2024
Promotion,PR0001,PT0024,MEGA EOFY SALE UP TO 75% OFF RRP* +EXTRA 20% OFF ALL SALE, 1,2024,2025,Monday,1/7/2024
Promotion,PR0001,PT0024,MEGA EOFY SALE UP TO 75% OFF RRP* +EXTRA 20% OFF ALL SALE,51,2025,2025,Friday,20/6/2025
Promotion,PR0001,PT0024,MEGA EOFY SALE UP TO 75% OFF RRP* +EXTRA 20% OFF ALL SALE,51,2025,2025,Saturday,21/6/2025
Promotion,PR0001,PT0024,MEGA EOFY SALE UP TO 75% OFF RRP* +EXTRA 20% OFF ALL SALE,51,2025,2025,Sunday,22/6/2025
Promotion,PR0001,PT0024,MEGA EOFY SALE UP TO 75% OFF RRP* +EXTRA 20% OFF ALL SALE,52,2025,2025,Monday,23/6/2025
Promotion,PR0001,PT0024,MEGA EOFY SALE UP TO 75% OFF RRP* +EXTRA 20% OFF ALL SALE,52,2025,2025,Tuesday,24/6/2025
Promotion,PR0001,PT0024,MEGA EOFY SALE UP TO 75% OFF RRP* +EXTRA 20% OFF ALL SALE,52,2025,2025,Wednesday,25/6/2025
Promotion,PR0001,PT0024,MEGA EOFY SALE UP TO 75% OFF RRP* +EXTRA 20% OFF ALL SALE,52,2025,2025,Thursday,26/6/2025
Promotion,PR0001,PT0024,MEGA EOFY SALE UP TO 75% OFF RRP* +EXTRA 20% OFF ALL SALE,52,2025,2025,Friday,27/6/2025
Promotion,PR0001,PT0024,MEGA EOFY SALE UP TO 75% OFF RRP* +EXTRA 20% OFF ALL SALE,52,2025,2025,Saturday,28/6/2025
Promotion,PR0001,PT0024,MEGA EOFY SALE UP TO 75% OFF RRP* +EXTRA 20% OFF ALL SALE,52,2025,2025,Sunday,29/6/2025
Promotion,PR0001,PT0024,MEGA EOFY SALE UP TO 75% OFF RRP* +EXTRA 20% OFF ALL SALE,1,2025,2025,Monday,30/6/2025
Promotion,PR0001,PT0024,MEGA EOFY SALE UP TO 75% OFF RRP* +EXTRA 20% OFF ALL SALE,1,2025,2026,Tuesday,1/7/2025
Promotion,PR0001,PT0024,MEGA EOFY SALE UP TO 75% OFF RRP* +EXTRA 20% OFF ALL SALE,1,2025,2026,Wednesday,2/7/2025
Promotion,PR0001,PT0024,MEGA EOFY SALE UP TO 75% OFF RRP* +EXTRA 20% OFF ALL SALE,1,2025,2026,Thursday,3/7/2025
Promotion,PR0001,PT0024,MEGA EOFY SALE UP TO 75% OFF RRP* +EXTRA 20% OFF ALL SALE,1,2025,2026,Friday,4/7/2025
Promotion,PR0001,PT0024,MEGA EOFY SALE UP TO 75% OFF RRP* +EXTRA 20% OFF ALL SALE,1,2025,2026,Saturday,5/7/2025
Promotion,PR0001,PT0024,MEGA EOFY SALE UP TO 75% OFF RRP* +EXTRA 20% OFF ALL SALE,1,2025,2026,Sunday,6/7/2025
Promotion,PR0001,PT0025,Mega Sitewide Sale up to 70% off,37,2025,2025,Tuesday,11/3/2025
Promotion,PR0001,PT0025,Mega Sitewide Sale up to 70% off,37,2025,2025,Wednesday,12/3/2025
Promotion,PR0001,PT0025,Mega Sitewide Sale up to 70% off,37,2025,2025,Thursday,13/3/2025
Promotion,PR0001,PT0025,Mega Sitewide Sale up to 70% off,37,2025,2025,Friday,14/3/2025
Promotion,PR0001,PT0026,Mid Season Sale EXTRA 20% OFF ALL COOKWARE,41,2024,2024,Tuesday,2/4/2024
Promotion,PR0001,PT0026,Mid Season Sale EXTRA 20% OFF ALL COOKWARE,41,2024,2024,Wednesday,3/4/2024
Promotion,PR0001,PT0026,Mid Season Sale EXTRA 20% OFF ALL COOKWARE,41,2024,2024,Thursday,4/4/2024
Promotion,PR0001,PT0026,Mid Season Sale EXTRA 20% OFF ALL COOKWARE,41,2024,2024,Friday,5/4/2024
Promotion,PR0001,PT0026,Mid Season Sale EXTRA 20% OFF ALL COOKWARE,41,2024,2024,Saturday,6/4/2024
Promotion,PR0001,PT0026,Mid Season Sale EXTRA 20% OFF ALL COOKWARE,41,2024,2024,Sunday,7/4/2024
Promotion,PR0001,PT0026,Mid Season Sale EXTRA 20% OFF ALL COOKWARE,42,2024,2024,Monday,8/4/2024
Promotion,PR0001,PT0026,Mid Season Sale EXTRA 20% OFF ALL COOKWARE,42,2024,2024,Tuesday,9/4/2024
Promotion,PR0001,PT0026,Mid Season Sale EXTRA 20% OFF ALL COOKWARE,42,2024,2024,Wednesday,10/4/2024
Promotion,PR0001,PT0026,Mid Season Sale EXTRA 20% OFF ALL COOKWARE,42,2024,2024,Thursday,11/4/2024
Promotion,PR0001,PT0026,Mid Season Sale EXTRA 20% OFF ALL COOKWARE,42,2024,2024,Friday,12/4/2024
Promotion,PR0001,PT0026,Mid Season Sale EXTRA 20% OFF ALL COOKWARE,42,2024,2024,Saturday,13/4/2024
Promotion,PR0001,PT0026,Mid Season Sale EXTRA 20% OFF ALL COOKWARE,42,2024,2024,Sunday,14/4/2024
Promotion,PR0001,PT0026,Mid Season Sale EXTRA 20% OFF ALL COOKWARE,43,2024,2024,Monday,15/4/2024
Promotion,PR0001,PT0026,Mid Season Sale EXTRA 20% OFF ALL COOKWARE,42,2025,2025,Tuesday,15/4/2025
Promotion,PR0001,PT0026,Mid Season Sale EXTRA 20% OFF ALL COOKWARE,42,2025,2025,Wednesday,16/4/2025
Promotion,PR0001,PT0026,Mid Season Sale EXTRA 20% OFF ALL COOKWARE,42,2025,2025,Thursday,17/4/2025
Promotion,PR0001,PT0026,Mid Season Sale EXTRA 20% OFF ALL COOKWARE,42,2025,2025,Friday,18/4/2025
Promotion,PR0001,PT0026,Mid Season Sale EXTRA 20% OFF ALL COOKWARE,42,2025,2025,Saturday,19/4/2025
Promotion,PR0001,PT0026,Mid Season Sale EXTRA 20% OFF ALL COOKWARE,42,2025,2025,Sunday,20/4/2025
Promotion,PR0001,PT0026,Mid Season Sale EXTRA 20% OFF ALL COOKWARE,43,2025,2025,Monday,21/4/2025
Promotion,PR0001,PT0026,Mid Season Sale EXTRA 20% OFF ALL COOKWARE,43,2025,2025,Tuesday,22/4/2025
Promotion,PR0001,PT0026,Mid Season Sale EXTRA 20% OFF ALL COOKWARE,43,2025,2025,Wednesday,23/4/2025
Promotion,PR0001,PT0026,Mid Season Sale EXTRA 20% OFF ALL COOKWARE,43,2025,2025,Thursday,24/4/2025
Promotion,PR0001,PT0026,Mid Season Sale EXTRA 20% OFF ALL COOKWARE,43,2025,2025,Friday,25/4/2025
Promotion,PR0001,PT0026,Mid Season Sale EXTRA 20% OFF ALL COOKWARE,43,2025,2025,Saturday,26/4/2025
Promotion,PR0001,PT0026,Mid Season Sale EXTRA 20% OFF ALL COOKWARE,43,2025,2025,Sunday,27/4/2025
Promotion,PR0001,PT0027,Mid Season Sale Up to xx % off,14,2024,2025,Tuesday,1/10/2024
Promotion,PR0001,PT0027,Mid Season Sale Up to xx % off,14,2024,2025,Wednesday,2/10/2024
Promotion,PR0001,PT0027,Mid Season Sale Up to xx % off,14,2024,2025,Thursday,3/10/2024
Promotion,PR0001,PT0027,Mid Season Sale Up to xx % off,14,2024,2025,Friday,4/10/2024
Promotion,PR0001,PT0027,Mid Season Sale Up to xx % off,14,2024,2025,Saturday,5/10/2024
Promotion,PR0001,PT0027,Mid Season Sale Up to xx % off,14,2024,2025,Sunday,6/10/2024
Promotion,PR0001,PT0027,Mid Season Sale Up to xx % off,15,2024,2025,Monday,7/10/2024
Promotion,PR0001,PT0027,Mid Season Sale Up to xx % off,15,2024,2025,Tuesday,8/10/2024
Promotion,PR0001,PT0027,Mid Season Sale Up to xx % off,15,2024,2025,Wednesday,9/10/2024
Promotion,PR0001,PT0027,Mid Season Sale Up to xx % off,15,2024,2025,Thursday,10/10/2024
Promotion,PR0001,PT0027,Mid Season Sale Up to xx % off,15,2024,2025,Friday,11/10/2024
Promotion,PR0001,PT0027,Mid Season Sale Up to xx % off,15,2024,2025,Saturday,12/10/2024
Promotion,PR0001,PT0027,Mid Season Sale Up to xx % off,15,2024,2025,Sunday,13/10/2024
Promotion,PR0001,PT0027,Mid Season Sale Up to xx % off,16,2024,2025,Monday,14/10/2024
Promotion,PR0001,PT0027,Mid Season Sale Up to xx % off,16,2024,2025,Tuesday,15/10/2024
Promotion,PR0001,PT0027,Mid Season Sale Up to xx % off,16,2024,2025,Wednesday,16/10/2024
Promotion,PR0001,PT0027,Mid Season Sale Up to xx % off,16,2024,2025,Thursday,17/10/2024
Promotion,PR0001,PT0027,Mid Season Sale Up to xx % off,16,2024,2025,Friday,18/10/2024
Promotion,PR0001,PT0027,Mid Season Sale Up to xx % off,16,2024,2025,Saturday,19/10/2024
Promotion,PR0001,PT0027,Mid Season Sale Up to xx % off,16,2024,2025,Sunday,20/10/2024
Promotion,PR0001,PT0027,Mid Season Sale Up to xx % off,17,2024,2025,Monday,21/10/2024
Promotion,PR0001,PT0028,Mothers Day Gifting,44,2024,2024,Tuesday,23/4/2024
Promotion,PR0001,PT0028,Mothers Day Gifting,44,2024,2024,Wednesday,24/4/2024
Promotion,PR0001,PT0028,Mothers Day Gifting,44,2024,2024,Thursday,25/4/2024
Promotion,PR0001,PT0028,Mothers Day Gifting,44,2024,2024,Friday,26/4/2024
Promotion,PR0001,PT0028,Mothers Day Gifting,44,2024,2024,Saturday,27/4/2024
Promotion,PR0001,PT0028,Mothers Day Gifting,44,2024,2024,Sunday,28/4/2024
Promotion,PR0001,PT0028,Mothers Day Gifting,45,2024,2024,Monday,29/4/2024
Promotion,PR0001,PT0028,Mothers Day Gifting,45,2024,2024,Tuesday,30/4/2024
Promotion,PR0001,PT0028,Mothers Day Gifting,45,2024,2024,Wednesday,1/5/2024
Promotion,PR0001,PT0028,Mothers Day Gifting,45,2024,2024,Thursday,2/5/2024
Promotion,PR0001,PT0028,Mothers Day Gifting,45,2024,2024,Friday,3/5/2024
Promotion,PR0001,PT0028,Mothers Day Gifting,45,2024,2024,Saturday,4/5/2024
Promotion,PR0001,PT0028,Mothers Day Gifting,45,2024,2024,Sunday,5/5/2024
Promotion,PR0001,PT0028,Mothers Day Gifting,46,2024,2024,Monday,6/5/2024
Promotion,PR0001,PT0028,Mothers Day Gifting,46,2024,2024,Tuesday,7/5/2024
Promotion,PR0001,PT0028,Mothers Day Gifting,46,2024,2024,Wednesday,8/5/2024
Promotion,PR0001,PT0028,Mothers Day Gifting,46,2024,2024,Thursday,9/5/2024
Promotion,PR0001,PT0028,Mothers Day Gifting,44,2025,2025,Monday,28/4/2025
Promotion,PR0001,PT0028,Mothers Day Gifting,44,2025,2025,Tuesday,29/4/2025
Promotion,PR0001,PT0028,Mothers Day Gifting,44,2025,2025,Wednesday,30/4/2025
Promotion,PR0001,PT0028,Mothers Day Gifting,44,2025,2025,Thursday,1/5/2025
Promotion,PR0001,PT0028,Mothers Day Gifting,44,2025,2025,Friday,2/5/2025
Promotion,PR0001,PT0028,Mothers Day Gifting,44,2025,2025,Saturday,3/5/2025
Promotion,PR0001,PT0028,Mothers Day Gifting,44,2025,2025,Sunday,4/5/2025
Promotion,PR0001,PT0028,Mothers Day Gifting,45,2025,2025,Monday,5/5/2025
Promotion,PR0001,PT0028,Mothers Day Gifting,45,2025,2025,Tuesday,6/5/2025
Promotion,PR0001,PT0028,Mothers Day Gifting,45,2025,2025,Wednesday,7/5/2025
Promotion,PR0001,PT0028,Mothers Day Gifting,45,2025,2025,Thursday,8/5/2025
Promotion,PR0001,PT0029,NEW YEARS DAY SALE 20% off EVERYTHING on SALE,27,2024,2025,Monday,30/12/2024
Promotion,PR0001,PT0029,NEW YEARS DAY SALE 20% off EVERYTHING on SALE,27,2024,2025,Tuesday,31/12/2024
Promotion,PR0001,PT0029,NEW YEARS DAY SALE 20% off EVERYTHING on SALE,27,2025,2025,Wednesday,1/1/2025
Promotion,PR0001,PT0029,NEW YEARS DAY SALE 20% off EVERYTHING on SALE,27,2025,2025,Thursday,2/1/2025
Promotion,PR0001,PT0030,Our Hottest Ever Winter Sale,47,2025,2025,Tuesday,20/5/2025
Promotion,PR0001,PT0030,Our Hottest Ever Winter Sale,47,2025,2025,Wednesday,21/5/2025
Promotion,PR0001,PT0030,Our Hottest Ever Winter Sale,47,2025,2025,Thursday,22/5/2025
Promotion,PR0001,PT0030,Our Hottest Ever Winter Sale,47,2025,2025,Friday,23/5/2025
Promotion,PR0001,PT0030,Our Hottest Ever Winter Sale,47,2025,2025,Saturday,24/5/2025
Promotion,PR0001,PT0030,Our Hottest Ever Winter Sale,47,2025,2025,Sunday,25/5/2025
Promotion,PR0001,PT0030,Our Hottest Ever Winter Sale,48,2025,2025,Monday,26/5/2025
Promotion,PR0001,PT0030,Our Hottest Ever Winter Sale,48,2025,2025,Tuesday,27/5/2025
Promotion,PR0001,PT0030,Our Hottest Ever Winter Sale,48,2025,2025,Wednesday,28/5/2025
Promotion,PR0001,PT0030,Our Hottest Ever Winter Sale,48,2025,2025,Thursday,29/5/2025
Promotion,PR0001,PT0030,Our Hottest Ever Winter Sale,48,2025,2025,Friday,30/5/2025
Promotion,PR0001,PT0030,Our Hottest Ever Winter Sale,48,2025,2025,Saturday,31/5/2025
Promotion,PR0001,PT0030,Our Hottest Ever Winter Sale,48,2025,2025,Sunday,1/6/2025
Promotion,PR0001,PT0030,Our Hottest Ever Winter Sale,49,2025,2025,Monday,2/6/2025
Promotion,PR0001,PT0031,PAYPAL FRENZY $20 off Orders Over $159,36,2025,2025,Tuesday,4/3/2025
Promotion,PR0001,PT0031,PAYPAL FRENZY $20 off Orders Over $159,36,2025,2025,Wednesday,5/3/2025
Promotion,PR0001,PT0031,PAYPAL FRENZY $20 off Orders Over $159,36,2025,2025,Thursday,6/3/2025
Promotion,PR0001,PT0031,PAYPAL FRENZY $20 off Orders Over $159,36,2025,2025,Friday,7/3/2025
Promotion,PR0001,PT0031,PAYPAL FRENZY $20 off Orders Over $159,36,2025,2025,Saturday,8/3/2025
Promotion,PR0001,PT0031,PAYPAL FRENZY $20 off Orders Over $159,36,2025,2025,Sunday,9/3/2025
Promotion,PR0001,PT0031,PAYPAL FRENZY $20 off Orders Over $159,37,2025,2025,Monday,10/3/2025
Promotion,PR0001,PT0032,Spend & Save $20 off Orders Over $149, 1,2024,2025,Tuesday,2/7/2024
Promotion,PR0001,PT0032,Spend & Save $20 off Orders Over $149, 1,2024,2025,Wednesday,3/7/2024
Promotion,PR0001,PT0032,Spend & Save $20 off Orders Over $149, 1,2024,2025,Thursday,4/7/2024
Promotion,PR0001,PT0032,Spend & Save $20 off Orders Over $149, 1,2024,2025,Friday,5/7/2024
Promotion,PR0001,PT0032,Spend & Save $20 off Orders Over $149, 1,2024,2025,Saturday,6/7/2024
Promotion,PR0001,PT0032,Spend & Save $20 off Orders Over $149, 1,2024,2025,Sunday,7/7/2024
Promotion,PR0001,PT0032,Spend & Save $20 off Orders Over $149, 2,2024,2025,Monday,8/7/2024
Promotion,PR0001,PT0033,Spring Refresh Up to XX% off,10,2024,2025,Monday,2/9/2024
Promotion,PR0001,PT0033,Spring Refresh Up to XX% off,10,2024,2025,Tuesday,3/9/2024
Promotion,PR0001,PT0033,Spring Refresh Up to XX% off,10,2024,2025,Wednesday,4/9/2024
Promotion,PR0001,PT0033,Spring Refresh Up to XX% off,10,2024,2025,Thursday,5/9/2024
Promotion,PR0001,PT0033,Spring Refresh Up to XX% off,10,2024,2025,Friday,6/9/2024
Promotion,PR0001,PT0033,Spring Refresh Up to XX% off,10,2024,2025,Saturday,7/9/2024
Promotion,PR0001,PT0033,Spring Refresh Up to XX% off,10,2024,2025,Sunday,8/9/2024
Promotion,PR0001,PT0033,Spring Refresh Up to XX% off,11,2024,2025,Monday,9/9/2024
Promotion,PR0001,PT0033,Spring Refresh Up to XX% off,11,2024,2025,Tuesday,10/9/2024
Promotion,PR0001,PT0033,Spring Refresh Up to XX% off,11,2024,2025,Wednesday,11/9/2024
Promotion,PR0001,PT0033,Spring Refresh Up to XX% off,11,2024,2025,Thursday,12/9/2024
Promotion,PR0001,PT0033,Spring Refresh Up to XX% off,11,2024,2025,Friday,13/9/2024
Promotion,PR0001,PT0033,Spring Refresh Up to XX% off,11,2024,2025,Saturday,14/9/2024
Promotion,PR0001,PT0033,Spring Refresh Up to XX% off,11,2024,2025,Sunday,15/9/2024
Promotion,PR0001,PT0033,Spring Refresh Up to XX% off,12,2024,2025,Monday,16/9/2024
Promotion,PR0001,PT0034,STOCK LIQUIDATION UP TO 75% OFF RRP* EVERYTHING $99 OR LESS IN THIS SALE,52,2024,2024,Wednesday,19/6/2024
Promotion,PR0001,PT0034,STOCK LIQUIDATION UP TO 75% OFF RRP* EVERYTHING $99 OR LESS IN THIS SALE,52,2024,2024,Thursday,20/6/2024
Promotion,PR0001,PT0035,Sun-Sational Summer Savings Up to 75% off,28,2024,2024,Wednesday,3/1/2024
Promotion,PR0001,PT0035,Sun-Sational Summer Savings Up to 75% off,28,2024,2024,Thursday,4/1/2024
Promotion,PR0001,PT0035,Sun-Sational Summer Savings Up to 75% off,28,2024,2024,Friday,5/1/2024
Promotion,PR0001,PT0035,Sun-Sational Summer Savings Up to 75% off,28,2024,2024,Saturday,6/1/2024
Promotion,PR0001,PT0035,Sun-Sational Summer Savings Up to 75% off,28,2024,2024,Sunday,7/1/2024
Promotion,PR0001,PT0035,Sun-Sational Summer Savings Up to 75% off,29,2024,2024,Monday,8/1/2024
Promotion,PR0001,PT0035,Sun-Sational Summer Savings Up to 75% off,29,2024,2024,Tuesday,9/1/2024
Promotion,PR0001,PT0035,Sun-Sational Summer Savings Up to 75% off,29,2024,2024,Wednesday,10/1/2024
Promotion,PR0001,PT0035,Sun-Sational Summer Savings Up to 75% off,29,2024,2024,Thursday,11/1/2024
Promotion,PR0001,PT0035,Sun-Sational Summer Savings Up to 75% off,29,2024,2024,Friday,12/1/2024
Promotion,PR0001,PT0035,Sun-Sational Summer Savings Up to 75% off,29,2024,2024,Saturday,13/1/2024
Promotion,PR0001,PT0035,Sun-Sational Summer Savings Up to 75% off,29,2024,2024,Sunday,14/1/2024
Promotion,PR0001,PT0035,Sun-Sational Summer Savings Up to 75% off,30,2024,2024,Monday,15/1/2024
Promotion,PR0001,PT0036,Super Sets extra 20% off sets,30,2025,2025,Tuesday,21/1/2025
Promotion,PR0001,PT0036,Super Sets extra 20% off sets,30,2025,2025,Wednesday,22/1/2025
Promotion,PR0001,PT0036,Super Sets extra 20% off sets,30,2025,2025,Thursday,23/1/2025
Promotion,PR0001,PT0036,Super Sets extra 20% off sets,30,2025,2025,Friday,24/1/2025
Promotion,PR0001,PT0036,Super Sets extra 20% off sets,30,2025,2025,Saturday,25/1/2025
Promotion,PR0001,PT0036,Super Sets extra 20% off sets,30,2025,2025,Sunday,26/1/2025
Promotion,PR0001,PT0036,Super Sets extra 20% off sets,31,2025,2025,Monday,27/1/2025
Promotion,PR0001,PT0036,Super Sets extra 20% off sets,31,2025,2025,Tuesday,28/1/2025
Promotion,PR0001,PT0037,Super Sets Up to 75% off,30,2024,2024,Tuesday,16/1/2024
Promotion,PR0001,PT0037,Super Sets Up to 75% off,30,2024,2024,Wednesday,17/1/2024
Promotion,PR0001,PT0037,Super Sets Up to 75% off,30,2024,2024,Thursday,18/1/2024
Promotion,PR0001,PT0037,Super Sets Up to 75% off,30,2024,2024,Friday,19/1/2024
Promotion,PR0001,PT0037,Super Sets Up to 75% off,30,2024,2024,Saturday,20/1/2024
Promotion,PR0001,PT0037,Super Sets Up to 75% off,30,2024,2024,Sunday,21/1/2024
Promotion,PR0001,PT0037,Super Sets Up to 75% off,31,2024,2024,Monday,22/1/2024
Promotion,PR0001,PT0037,Super Sets Up to 75% off,31,2024,2024,Tuesday,23/1/2024
Promotion,PR0001,PT0037,Super Sets Up to 75% off,31,2024,2024,Wednesday,24/1/2024
Promotion,PR0001,PT0037,Super Sets Up to 75% off,31,2024,2024,Thursday,25/1/2024
Promotion,PR0001,PT0037,Super Sets Up to 75% off,31,2024,2024,Friday,26/1/2024
Promotion,PR0001,PT0037,Super Sets Up to 75% off,31,2024,2024,Saturday,27/1/2024
Promotion,PR0001,PT0037,Super Sets Up to 75% off,31,2024,2024,Sunday,28/1/2024
Promotion,PR0001,PT0037,Super Sets Up to 75% off,32,2024,2024,Monday,29/1/2024
Promotion,PR0001,PT0038,XMAS assets - no EDMs,21,2024,2025,Tuesday,19/11/2024
Promotion,PR0001,PT0038,XMAS assets - no EDMs,21,2024,2025,Wednesday,20/11/2024
Promotion,PR0001,PT0039,Xmas Gift Guide,18,2024,2025,Tuesday,29/10/2024
Promotion,PR0001,PT0039,Xmas Gift Guide,18,2024,2025,Wednesday,30/10/2024
Promotion,PR0001,PT0039,Xmas Gift Guide,18,2024,2025,Thursday,31/10/2024
Promotion,PR0001,PT0039,Xmas Gift Guide,18,2024,2025,Friday,1/11/2024
Promotion,PR0001,PT0039,Xmas Gift Guide,18,2024,2025,Saturday,2/11/2024
Promotion,PR0001,PT0039,Xmas Gift Guide,18,2024,2025,Sunday,3/11/2024
Promotion,PR0001,PT0039,Xmas Gift Guide,19,2024,2025,Monday,4/11/2024
Promotion,PR0001,PT0039,Xmas Gift Guide,19,2024,2025,Tuesday,5/11/2024
Promotion,PR0001,PT0039,Xmas Gift Guide,19,2024,2025,Wednesday,6/11/2024